Keshav,Kumar,Meeting1,Mon Feb 08 05:30:00 IST 2021,No meetup
Madhav,Kumar,NO Meeting,Mon Feb 08 05:30:00 IST 2021,Meetup
Keshav,Kumar,Meeting1,Mon Feb 08 05:30:00 IST 2020,No meetup
Madhav,Kumar,NO Meeting,Mon Mar 08 05:30:00 IST 2021,Meetup
Keshav,Kumar,Meeting1,Mon Feb 08 05:30:00 IST 2021,No meetup
Madhav,Kumar,NO Meeting,Mon Feb 08 05:30:00 IST 2021,Meetup
Keshav,Kumar,Meeting1,Mon Feb 08 05:30:00 IST 2021,No meetup
Madhav,Kumar,NO Meeting,Mon Mar 08 05:30:00 IST 2021,Meetup
Keshav,Kumar,Meeting1,Mon Feb 08 05:30:00 IST 2021,No meetup
Madhav,Kumar,NO Meeting,Mon Feb 08 05:30:00 IST 2020,Meetup
Keshav,Kumar,Meeting1,Mon Feb 08 05:30:00 IST 2021,No meetup
Madhav,Kumar,NO Meeting,Mon Feb 08 05:30:00 IST 2021,Meetup
Keshav,Kumar,Meeting1,Mon Mar 08 05:30:00 IST 2021,No meetup
Madhav,Kumar,NO Meeting,Mon Feb 08 05:30:00 IST 2021,Meetup
Keshav,Kumar,Meeting1,Mon Feb 08 05:30:00 IST 2021,No meetup
Madhav,Kumar,NO Meeting,Mon Mar 08 05:30:00 IST 2020,Meetup